Algorithm,Dataset,RMSE,MSPE,MAE,MAPE,MedAE,MedAPE,R2
CatBoost,Train set,0.0006273229535808434,3.3981779170385864,0.0004258067060503363,0.0870626925482738,0.00028403565959253974,0.03385097153112833,0.9970990895092896
CatBoost,Validation(CV),0.0008691027470855867,87.31242967702292,0.0005442436731857077,0.13222348175243612,0.0003408492712855138,0.04108814072859488,0.9944315951630316
CatBoost,Test set,0.0022389412989387613,10.091517439810113,0.001396503781045169,0.21655223626235598,0.0008355333574184935,0.08356911471111012,0.9688126762674718
CatBoost,Entire population,0.0016441399314205258,6.744847678424348,0.000911155243547753,0.1518074644053149,0.0004649864258167639,0.05230435889534883,0.9818610651642484
