Algorithm,Dataset,RMSE,MSPE,MAE,MAPE,MedAE,MedAPE,R2
MLP,Train set,0.007636318768783639,10401.500303816947,0.004982714812794908,2.261717081500273,0.0030965497044330844,0.3496860652224062,0.570146893298661
MLP,Validation(CV),0.007627951633698017,2220.381859371301,0.004980273499264285,2.123471893161487,0.0031089397046747784,0.35141180392419324,0.5706551682939027
MLP,Test set,0.009147261877167811,2182.680643694555,0.006232921412396575,2.2889314151242703,0.0039851279468180924,0.35858569538573304,0.4794350550812131
MLP,Entire population,0.008425727392574628,6292.090473755751,0.005607818112595745,2.2753242483122706,0.0034870536349461655,0.35388609453989883,0.523624921110198
CNN,Train set,0.010117401660025616,26259.261023320953,0.007328305848261993,4.588876687881359,0.005150457163897676,0.45929167304872986,0.24544664392257443
CNN,Validation(CV),0.010127703871703995,9697.302312638061,0.007331811858293458,4.419419098480087,0.005150639572346072,0.4623778924550776,0.2431455535175202
CNN,Test set,0.011914972193357827,10520.48275823245,0.008925202844120354,4.658838464293296,0.006541742644848284,0.4727743872756003,0.1167599369373743
CNN,Entire population,0.011052791021248419,18389.871890776703,0.008126754346191173,4.623857576087326,0.005786481305096302,0.4658812060098847,0.1802561943245744
