Algorithm,Dataset,RMSE,MSPE,MAE,MAPE,MedAE,MedAPE,R2
Random Forest,Train set,0.0007840226826208785,0.23375838590414594,0.0004037806831836439,0.046032805211509834,0.0002036183495253696,0.024189809533529692,0.995468841788206
Random Forest,Validation(CV),0.0011263124472577235,0.7402677622033583,0.0005842414725533418,0.06822992382736648,0.00029570293456965236,0.034893676421959785,0.9906480679423778
Random Forest,Test set,0.002147974913352531,0.9240267231605591,0.001225355837117965,0.1268880329091996,0.0006448082995120898,0.06398727475578961,0.971295426164187
Random Forest,Entire population,0.0016168623619924878,0.5788925545323523,0.0008145682601508047,0.08646041906035472,0.0003499886422203731,0.03888468225953887,0.9824579506249508
