Algorithm,Dataset,RMSE,MSPE,MAE,MAPE,MedAE,MedAPE,R2
LightGBM,Train set,0.004526263100342593,893.4791234940761,0.003125393034351823,1.2019427465897874,0.0021019941058644798,0.24916523299971366,0.84898101010911
LightGBM,Validation(CV),0.0047333181342455516,1449.2021170802795,0.0032800814880417544,1.357708181077546,0.0022189895728280304,0.2618292516671941,0.8348451977882207
LightGBM,Test set,0.0056812726283243424,444.59843638700653,0.00387429219591012,1.0543974498819895,0.002521183145386281,0.25176514786571447,0.799190638851651
LightGBM,Entire population,0.005136337037757079,669.0387799405412,0.003499842615130972,1.1281700982358884,0.0022747357370106443,0.2505540665505238,0.822972289169932
