Algorithm,Dataset,RMSE,MSPE,MAE,MAPE,MedAE,MedAPE,R2
XGBoost,Train set,0.004834215144528218,904.8060793524775,0.003271560167118268,1.06291075979025,0.002142895860333326,0.2506192575485343,0.8277322740958081
XGBoost,Validation(CV),0.00489716823440719,497.8334964394647,0.003313368363793431,0.9067221523221484,0.0021667919071702664,0.2536269468654268,0.8232126300788822
XGBoost,Test set,0.005880704632979517,89.63271223244172,0.004051583252891955,0.7070013163093541,0.0027491114657732536,0.26464963900422905,0.7848450077271435
XGBoost,Entire population,0.005382951004975466,497.2193957924595,0.003661571710005111,0.884956038049802,0.0024286928023542036,0.2575898421414037,0.8055647154502493
