Algorithm,Dataset,RMSE,MSPE,MAE,MAPE,MedAE,MedAPE,R2
Linear Regression,Train set,0.007266828274653408,34165.85795876943,0.004996707380373421,5.033131836722716,0.0036194146359249963,0.3704951755547937,0.6107382182800711
Linear Regression,Validation(CV),0.007268206841388343,37654.80645115321,0.004997390513000671,5.034809940924376,0.0036205432604141706,0.3705004209651521,0.6105787769985063
Linear Regression,Test set,1484.6607345574228,227368307390985.1,1484.6607345331158,650965.5897948537,1484.6601763108815,138845.1061538661,-13713463002.831057
Linear Regression,Entire population,1049.8136731795296,113684153712575.53,742.3328656202482,325485.3114633453,742.3563681266925,14711.970513790606,-7395349032.254226
