Algorithm,Dataset,RMSE,MSPE,MAE,MAPE,MedAE,MedAPE,R2
CNN,Train set,0.010117401660025616,26259.261023320953,0.007328305848261993,4.588876687881359,0.005150457163897676,0.45929167304872986,0.24544664392257443
CNN,Validation(CV),0.010127703871703995,9697.302312638061,0.007331811858293458,4.419419098480087,0.005150639572346072,0.4623778924550776,0.2431455535175202
CNN,Test set,0.011914972193357827,10520.48275823245,0.008925202844120354,4.658838464293296,0.006541742644848284,0.4727743872756003,0.1167599369373743
CNN,Entire population,0.011052791021248419,18389.871890776703,0.008126754346191173,4.623857576087326,0.005786481305096302,0.4658812060098847,0.1802561943245744
