Algorithm,Dataset,RMSE,MSPE,MAE,MAPE,MedAE,MedAPE,R2
CatBoost,Train set,0.0003907632405649253,6.453323404821565,0.0002758946730963374,0.06577832297999242,0.0001929759705192836,0.022817926825924217,0.9988758026325029
CatBoost,Validation(CV),0.0007724046093741783,12.616484985125382,0.0004560108067574946,0.10279515776510892,0.0002745515768404436,0.03327454253682497,0.9956064487740697
CatBoost,Test set,0.0021881051929191417,4.947264305166824,0.0013505267316701428,0.19143278073452774,0.0007855858158398298,0.07952229471139277,0.9702128407388798
CatBoost,Entire population,0.0015717029371761888,5.700293854994195,0.0008132107023832403,0.12860555185726005,0.0003531006684309975,0.041531351436297895,0.9834320819329917
