Algorithm,Dataset,RMSE,MSPE,MAE,MAPE,MedAE,MedAPE,R2
Linear Regression,Train set,0.007294793633362886,37564.51171903456,0.005013092812664227,5.061197668225398,0.0036417649567187134,0.3704178890926147,0.6082209762141886
Linear Regression,Validation(CV),0.007296216985696697,38772.5216038107,0.005013856837807848,5.061742392680413,0.003640261310866527,0.37042971979487965,0.6080621533099185
Linear Regression,Test set,0.7888407296565599,66196662.20076125,0.7887949990604545,348.2852640656061,0.7882167060963071,73.46166969161848,-3870.429420022008
Linear Regression,Entire population,0.5578184788886288,33117113.356240116,0.3969040459365593,176.67323086691565,0.4201201687364785,13.91883006934304,-2085.9536453306923
