Algorithm,Dataset,RMSE,MSPE,MAE,MAPE,MedAE,MedAPE,R2
CNN,Train set,0.01006004467253177,34492.62097802733,0.0072299228107622305,4.587138176188516,0.005135121787679716,0.44701895346374637,0.2548992896202461
CNN,Validation(CV),0.010097713969434104,9073.949365073157,0.007260304559954849,4.3522276537897095,0.005147950353348399,0.4464371330601147,0.2544586585172406
CNN,Test set,0.011629184776691441,11126.258093770546,0.008646341257270445,4.6192482279254765,0.006501578076468633,0.4581295866764782,0.1586218374340278
CNN,Entire population,0.010872958138974117,22809.439535898953,0.007938132034016335,4.603193202056995,0.005746417611479714,0.45246083532771736,0.20709265549768097
