Algorithm,Dataset,RMSE,MSPE,MAE,MAPE,MedAE,MedAPE,R2
LightGBM,Train set,0.003748955412326622,664.0567821991785,0.0025779566976251982,0.8203955389399278,0.001703217933549505,0.20769121116850692,0.8965249346333314
LightGBM,Validation(CV),0.003881130210819257,485.2117538042565,0.002666946594638085,0.8526326529047342,0.0017553639821324975,0.2134163584980185,0.889094074259823
LightGBM,Test set,0.004768021614746956,307.9518168133385,0.0032446103534610887,0.7952054354465665,0.00212871579809431,0.21259790839113069,0.8585610170401662
LightGBM,Entire population,0.004288863299424874,486.0042995062587,0.0029112835255431448,0.8078004871932468,0.0018910310284905507,0.21015028817842002,0.8766294739134631
