Algorithm,Dataset,RMSE,MSPE,MAE,MAPE,MedAE,MedAPE,R2
MLP,Train set,0.0078059328737189295,25335.77983555823,0.005422096315767895,3.2314008014156186,0.003974668798726856,0.4148055108534833,0.551394304027648
MLP,Validation(CV),0.007838162300212123,5208.485806768348,0.0054481438297141445,3.0607917524356485,0.003996498685488545,0.41523045393380076,0.5507851491228796
MLP,Test set,0.009297378161118086,4298.780121430201,0.006491342518662965,2.893559638574729,0.004471716469125406,0.39776147720976973,0.4622088075701266
MLP,Entire population,0.008584108244303579,14817.279978494213,0.005956719417215431,3.062480219995175,0.004205559425587893,0.405901157652577,0.5057833422099824
