Algorithm,Dataset,RMSE,MSPE,MAE,MAPE,MedAE,MedAPE,R2
XGBoost,Train set,0.007527403132365219,17218.953193788027,0.0053369901723542106,3.2385465775419613,0.004070236646203377,0.41906192517471363,0.5828372614410542
XGBoost,Validation(CV),0.007755693735664271,13989.98938485658,0.00551604924954906,3.441881516772964,0.004217393671974112,0.43111704811804524,0.5571432978267121
XGBoost,Test set,0.008775021424021114,4223.258993981694,0.006146659515021774,2.734303379379073,0.004479246654438683,0.38772094110580013,0.5209409325869503
XGBoost,Entire population,0.008175047367115716,10721.106093884862,0.005741824843687991,2.9864249784605166,0.004251494228147554,0.4030086545603919,0.551763143222044
