Algorithm,Dataset,RMSE,MSPE,MAE,MAPE,MedAE,MedAPE,R2
Random Forest,Train set,0.0003343173023774225,0.1944339193791685,0.00017677101643963618,0.022362933883750685,9.07254876819294e-05,0.010882501332046565,0.9991771268976335
Random Forest,Validation(CV),0.0009491728735318835,0.5777711299669283,0.0004664293185282233,0.06057334949282123,0.00021801795209851422,0.025881495094971875,0.9933654061446419
Random Forest,Test set,0.0024021684964070735,6.778439114290396,0.0015095739539117122,0.2207275126875811,0.0008920166145384642,0.08584820052198389,0.9640995718606242
Random Forest,Entire population,0.0017149608659965884,3.4864365168347833,0.0008431724851756743,0.12154522328566587,0.0002584934144859042,0.0281180029840929,0.9802741631350868
