{
    "n_estimators": 250,
    "learning_rate": 0.05597805085284553,
    "num_leaves": 159,
    "max_depth": 28,
    "min_child_samples": 96,
    "subsample": 0.9659991291799833,
    "colsample_bytree": 0.9590680993204413,
    "min_split_gain": 0.212383529644533,
    "extra_trees": true,
    "reg_alpha": 0.030213343121301483,
    "reg_lambda": 0.006264335108532157,
    "random_state": 123,
    "n_jobs": -1,
    "verbose": -1
}