{
    "iterations": 500,
    "depth": 8,
    "learning_rate": 0.15232640694208066,
    "l2_leaf_reg": 5.109263970213635,
    "subsample": 0.8863000822110587,
    "random_state": 123,
    "verbose": 0,
    "allow_writing_files": false
}