{
    "iterations": 600,
    "depth": 9,
    "learning_rate": 0.0706838226501885,
    "l2_leaf_reg": 6.307454772400406,
    "subsample": 0.7810553595002052,
    "grow_policy": "SymmetricTree",
    "random_state": 123,
    "verbose": 0,
    "allow_writing_files": false
}