{
    "n_estimators": 550,
    "learning_rate": 0.06406205094632617,
    "num_leaves": 198,
    "max_depth": 8,
    "min_child_samples": 58,
    "subsample": 0.5139894326323922,
    "colsample_bytree": 0.8899776493962919,
    "reg_alpha": 0.026391344136985836,
    "reg_lambda": 0.007890996161877236,
    "random_state": 123,
    "n_jobs": -1,
    "verbose": -1
}