Algorithm,Dataset,N,True Positive,True Negative,False Positive,False Negative,Precision,Recall,Specificity,F1-score,Accuracy,Balanced Accuracy,AUC
XGBoost,Test set,10274,2636,4609,2014,1015,0.5668817204301075,0.7219939742536291,0.6959081987014948,0.6351042043127334,0.7051781195250146,0.7089510864775619,0.7829404621635724
XGBoost,Entire population,39206,14807,16686,4403,3310,0.7707964601769911,0.8172986697576862,0.7912181706102708,0.793366731856297,0.8032699076671937,0.8042584201839784,0.8863303145389447
