Algorithm,Dataset,N,True Positive,True Negative,False Positive,False Negative,Precision,Recall,Specificity,F1-score,Accuracy,Balanced Accuracy,AUC
XGBoost,Test set,1600,1393,86,99,22,0.9336461126005362,0.984452296819788,0.4648648648648649,0.9583763329893361,0.924375,0.7246585808423265,0.9202521249164359
XGBoost,Entire population,12984,7114,5749,99,22,0.9862747816442534,0.9969170403587444,0.9830711354309165,0.9915673566102168,0.9906808379544054,0.9899940878948305,0.9984374688483434
