Algorithm,Dataset,N,True Positive,True Negative,False Positive,False Negative,Precision,Recall,Specificity,F1-score,Accuracy,Balanced Accuracy,AUC
LightGBM,Train set,28932,13295,13458,1008,1171,0.9295252744179543,0.9190515691967371,0.9303193695562008,0.9242587507386423,0.924685469376469,0.924685469376469,0.9788006274680529
LightGBM,Test set,10274,2659,4710,1913,992,0.581583552055993,0.7282936181867982,0.7111580854597614,0.6467226073209291,0.7172474206735449,0.7197258518232799,0.7973985149152587
LightGBM,Entire population,39206,15954,18168,2921,2163,0.8452450331125828,0.8806093724126511,0.8614917729622078,0.8625648788927336,0.8703259705147172,0.8710505726874295,0.9385719866562572
