Algorithm,Dataset,N,True Positive,True Negative,False Positive,False Negative,Precision,Recall,Specificity,F1-score,Accuracy,Balanced Accuracy,AUC
CatBoost,Test set,10274,2648,4567,2056,1003,0.5629251700680272,0.7252807450013695,0.6895666616337007,0.6338719329742669,0.7022581273116605,0.7074237033175351,0.7808066417615496
CatBoost,Entire population,39206,13634,15184,5905,4483,0.6977839193408055,0.7525528509135067,0.7199962065531794,0.7241342681113235,0.7350405550170892,0.736274528733343,0.8153692323965227
