Algorithm,Dataset,N,True Positive,True Negative,False Positive,False Negative,Precision,Recall,Specificity,F1-score,Accuracy,Balanced Accuracy,AUC
CNN,Test set,1600,1349,93,92,66,0.9361554476058292,0.953356890459364,0.5027027027027027,0.9446778711484594,0.90125,0.7280297965810334,0.8684939356317447
CNN,Entire population,12984,7059,5738,110,77,0.9846561584600363,0.9892096412556054,0.9811901504787962,0.9869276476756379,0.9855976586568084,0.9851998958672008,0.996499811843994
