Algorithm,Dataset,N,True Positive,True Negative,False Positive,False Negative,Precision,Recall,Specificity,F1-score,Accuracy,Balanced Accuracy,AUC
Logistic Regression,Test set,10274,2508,4469,2154,1143,0.5379665379665379,0.6869350862777321,0.674769741808848,0.6033922771562613,0.6790928557523846,0.6808524140432901,0.7515663917476232
Logistic Regression,Entire population,39206,12407,14312,6777,5710,0.6467368640533778,0.6848264061378816,0.6786476362084499,0.665236856920726,0.6815028311993062,0.6817370211731657,0.7508587451359265
