Algorithm,Dataset,N,True Positive,True Negative,False Positive,False Negative,Precision,Recall,Specificity,F1-score,Accuracy,Balanced Accuracy,AUC
MLP,Test set,1600,1345,99,86,70,0.9399021663172606,0.950530035335689,0.5351351351351351,0.9451862262825017,0.9025,0.7428325852354121,0.8714010123197402
MLP,Entire population,12984,7054,5731,117,82,0.9836842839213499,0.9885089686098655,0.9799931600547196,0.9860907248200181,0.9846734442390634,0.9842510643322926,0.9962716858663111
