Algorithm,Dataset,N,True Positive,True Negative,False Positive,False Negative,Precision,Recall,Specificity,F1-score,Accuracy,Balanced Accuracy,AUC
Random Forest,Test set,1600,1395,73,112,20,0.9256801592568016,0.9858657243816255,0.3945945945945946,0.9548254620123203,0.9175,0.6902301594881101,0.9198051762009359
Random Forest,Entire population,12984,7116,5736,112,20,0.9845047039291643,0.9971973094170403,0.9808481532147743,0.9908103592314118,0.9898336414048059,0.9890227313159072,0.9994000909820075
