Algorithm,Dataset,N,True Positive,True Negative,False Positive,False Negative,Precision,Recall,Specificity,F1-score,Accuracy,Balanced Accuracy,AUC
Logistic Regression,Test set,1600,1365,91,94,50,0.9355723098012337,0.9646643109540636,0.4918918918918919,0.9498956158663883,0.91,0.7282781014229778,0.8901881386687042
Logistic Regression,Entire population,12984,6885,5346,502,251,0.932042777852985,0.9648262331838565,0.9141586867305062,0.9481512084280107,0.9420055452865065,0.9394924599571813,0.9832089695300376
