Algorithm,Dataset,N,True Positive,True Negative,False Positive,False Negative,Precision,Recall,Specificity,F1-score,Accuracy,Balanced Accuracy,AUC
LightGBM,Test set,1600,1389,90,95,26,0.9359838274932615,0.9816254416961131,0.4864864864864865,0.9582614694722318,0.924375,0.7340559640912998,0.9195415910610256
LightGBM,Entire population,12984,7110,5753,95,26,0.9868147120055517,0.9963565022421524,0.9837551299589603,0.9915626525346908,0.9906808379544054,0.9900558161005564,0.9987893507726379
