Algorithm,Dataset,N,True Positive,True Negative,False Positive,False Negative,Precision,Recall,Specificity,F1-score,Accuracy,Balanced Accuracy,AUC
MLP,Train set,28932,9218,12902,1564,5248,0.8549433946609497,0.6372182965278625,0.8918844186368036,0.730196434864328,0.7645513415336609,0.7645513575823331,0.8764548301696777
MLP,Test set,10274,1928,5389,1234,1723,0.609740674495697,0.5280745029449463,0.8136796013890986,0.5659768123921493,0.7121860980987549,0.6708770521670224,0.7556262016296387
MLP,Entire population,39206,11146,18291,2798,6971,0.7993401885032654,0.6152232885360718,0.867324197448907,0.695299585225113,0.7508289813995361,0.7412737429924894,0.8461610674858093
