Algorithm,Dataset,N,True Positive,True Negative,False Positive,False Negative,Precision,Recall,Specificity,F1-score,Accuracy,Balanced Accuracy,AUC
Logistic Regression,Train set,28932,9901,9951,4515,4565,0.6868063263041065,0.6844324623254527,0.6878888428038158,0.6856173395194238,0.6861606525646343,0.6861606525646342,0.7541190756095104
Logistic Regression,Test set,10274,2510,4480,2143,1141,0.5394369224156458,0.6874828814023555,0.6764306205646988,0.6045279383429673,0.6803581857115047,0.6819567509835271,0.755124413304846
Logistic Regression,Entire population,39206,12411,14431,6658,5706,0.6508469243274424,0.6850471932439146,0.6842903883541183,0.6675092776851503,0.6846401061062082,0.6846687907990164,0.754042297544504
