Algorithm,Dataset,RMSE,MSPE,MAE,MAPE,MedAE,MedAPE,R2
XGBoost,Train set,0.00605160355661362,4346.055777123551,0.004210290829486899,1.9065116957142294,0.0029809970019733347,0.32811970786092637,0.7299637557935603
XGBoost,Test set,0.007279394924809347,1439.5362049737785,0.0050772970860091865,1.7386405238943399,0.003573994162106433,0.3253085735158274,0.6703270935863908
XGBoost,Entire population,0.006500878904879988,3344.608223947909,0.004509019694931976,1.8486713233738463,0.0031485071689975625,0.32709884381461607,0.7085852138199797
