Algorithm,Dataset,RMSE,MSPE,MAE,MAPE,MedAE,MedAPE
XGBoost,Train set,0.0033794292598134275,1445.7450773649034,0.0022193778463904237,1.280319771265018,0.001584125154758205,0.14626316172832798
XGBoost,Test set,0.0033824651105062577,1124.4732834775275,0.002219860566062647,1.3486594798259077,0.0015852779728363613,0.14621842953142125
XGBoost,Entire population,0.003380036649562232,1381.4905627263356,0.002219474390559054,1.2939877461313722,0.0015843912777669038,0.1462501382743463
