Algorithm,Dataset,RMSE,MSPE,MAE,MAPE,MedAE,MedAPE
LightGBM,Train set,0.0028246964190726804,1262.6018431368157,0.0017190056506301947,1.0526483197600385,0.0010672355511392798,0.11301748523958438
LightGBM,Test set,0.002815937186627461,1361.6426630528829,0.0017157149017161854,1.1355089211173655,0.0010663455664333937,0.11319066543899814
LightGBM,Entire population,0.0028229467426386903,1282.4100551684749,0.0017183474992509265,1.069220480230314,0.0010670437609267207,0.11304379090279765
