Algorithm,Dataset,RMSE,MSPE,MAE,MAPE,MedAE,MedAPE,R2
Linear Regression,Train set,0.007680884841962673,33830.738483312736,0.005305832634212008,5.019256440273534,0.003859415240066943,0.3692872708082265,0.59314392033051
Linear Regression,Test set,0.007689277670654339,37815.3826161345,0.00530573270163217,5.531618880072363,0.003857712763789705,0.36817920551864114,0.5924929559712454
Linear Regression,Entire population,0.007682564145274717,34627.66924297861,0.0053058126476475615,5.121729176799689,0.0038591247375067087,0.36904684798558285,0.5930136708418174
