Algorithm,Dataset,RMSE,MSPE,MAE,MAPE,MedAE,MedAPE
CatBoost,Train set,0.00029223272199221224,2.554088144109237,0.00017520145330054838,0.05306123777432377,0.00011054780838892081,0.012410469644956986
CatBoost,Test set,0.00029864718838786615,2.4516443131951813,0.0001765261276414461,0.05504166240901228,0.00011060354467583777,0.012444364852606686
CatBoost,Entire population,0.00029352683268746814,2.5335993282270506,0.0001754663888113776,0.05345732366204032,0.0001105609065090654,0.01241689335339036
