Algorithm,Dataset,RMSE,MSPE,MAE,MAPE,MedAE,MedAPE,R2
CatBoost,Train set,0.0009322527901392494,10.023110646837717,0.0006266555935703494,0.13323006676651136,0.00041157896794092393,0.04907190484970382,0.9935916163493658
CatBoost,Test set,0.0024519582703498377,16.56554652170891,0.0015293948826912622,0.25581877721482954,0.0009132812314156819,0.09045357809127387,0.9625959315428575
CatBoost,Entire population,0.0016251548718580035,12.277320961290282,0.0009376963520459539,0.17546826990877434,0.0005259913721535391,0.05992846167865768,0.9817880294474269
