Algorithm,Dataset,RMSE,MSPE,MAE,MAPE,MedAE,MedAPE,R2
LightGBM,Train set,0.004752772095913266,534.6260631191869,0.0032995802052340957,1.046680820256793,0.0022502279832650037,0.2529691008648877,0.8442197912412793
LightGBM,Test set,0.004756396668935995,598.6225478217656,0.00330332195626621,1.1043251188087337,0.002255012762667598,0.2532099459682327,0.8440734160508502
LightGBM,Entire population,0.0047534972333775054,547.4253911068168,0.003300328557255785,1.0582097079326096,0.0022511967242665504,0.25302130656262045,0.8441905042133032
