Algorithm,Dataset,RMSE,MSPE,MAE,MAPE,MedAE,MedAPE
Linear Regression,Train set,0.004056365371102617,7113.38642238271,0.002629119516862578,2.4130440080826427,0.0017374714276864683,0.1599366504511679
Linear Regression,Test set,0.004063132400378862,7663.978739975463,0.002632900275793637,2.624888078173604,0.0017399819864406718,0.16014430198624846
Linear Regression,Entire population,0.0040577196830685475,7223.505153014408,0.002629875670482979,2.455412924874401,0.0017379294245681246,0.15997721958047767
