Algorithm,Dataset,RMSE,MSPE,MAE,MAPE,MedAE,MedAPE,R2
CatBoost,Train set,0.0016530942702755796,156.38979068977346,0.0010677381529648603,0.21451010672708606,0.000671659059152621,0.07632463047796091,0.9811542448848154
CatBoost,Test set,0.0016726418171579766,34.86444027533955,0.0010736890808083896,0.21855495800355973,0.000673191182352959,0.07673061852998549,0.9807172073023769
CatBoost,Entire population,0.0016570222371393418,132.0846616503451,0.0010689283414205863,0.215319078944691,0.0006719997850642197,0.07640900745400994,0.9810667964269795
