Algorithm,Dataset,RMSE,MSPE,MAE,MAPE,MedAE,MedAPE,R2
Random Forest,Train set,0.0006473282404727958,0.05642774278282426,0.00032600924857601284,0.03304170371866439,0.0001645413921667093,0.018374543802580412,0.9971102025039237
Random Forest,Test set,0.0008659214662990935,0.08622418229762263,0.000446026584073961,0.04541164026164389,0.00022566552491954262,0.025242417093533087,0.9948320173872376
Random Forest,Entire population,0.0006965567014732239,0.06238704514116314,0.00035001277390054903,0.035515697028384134,0.00017504790634005878,0.019539652858653465,0.9966543509631636
