Algorithm,Dataset,RMSE,MSPE,MAE,MAPE,MedAE,MedAPE,R2
XGBoost,Train set,0.0019471805098081343,210.13653143259097,0.0013155389127020016,0.30985432975513216,0.0008713079787887627,0.09783378904813823,0.9738524663813152
XGBoost,Test set,0.001970654930208261,91.29915466478255,0.0013230123026366722,0.3042869234278503,0.000872162126178324,0.09782843154705166,0.973233893587295
XGBoost,Entire population,0.0019518979905798757,186.36899842652537,0.0013170335943145598,0.3087408457887165,0.0008714837329252397,0.09783227053941188,0.9737286938690173
