Algorithm,Dataset,RMSE,MSPE,MAE,MAPE,MedAE,MedAPE,R2
XGBoost,Train set,0.005414814478233573,181.96267720471775,0.0036659068415263226,0.7598612898906925,0.002434793070291527,0.26569103965207963,0.7977979914608913
XGBoost,Test set,0.005413866920259806,157.81944109429895,0.0036649132267571115,0.7885065502850009,0.0024330169956694146,0.26583514098872907,0.7979870624330796
XGBoost,Entire population,0.005414624979444939,177.13401826983747,0.00366570811809044,0.7655903558664526,0.0024344493868030106,0.26571540961844387,0.7978358257914203
