Algorithm,Dataset,RMSE,MSPE,MAE,MAPE,MedAE,MedAPE
Random Forest,Train set,0.00031053199096892656,0.03783068488582268,0.0001740016291668782,0.019732501195802565,0.00010219191273181868,0.011483005884834821
Random Forest,Test set,0.0003378077432029572,0.02878662253613785,0.00018818747117362158,0.02126731700826214,0.00010880830627073637,0.012237364163472281
Random Forest,Entire population,0.00031617545253360507,0.036021868028269156,0.000176838804450315,0.020039465102891646,0.00010348415712832862,0.011630156211576145
