Algorithm,Dataset,RMSE,MSPE,MAE,MAPE,MedAE,MedAPE,R2
CatBoost,Train set,0.002371857315063179,1312.3296386694146,0.0016291006608902183,0.48262480382595335,0.001105089824032908,0.12195673104236615,0.961203243312412
CatBoost,Test set,0.0023800786054381236,291.93707524557294,0.0016316431869331778,0.48060971176324624,0.0011059409039141394,0.12212390835035683,0.9609566896584621
CatBoost,Entire population,0.0023735038552698258,1108.25063095364,0.0016296091673322864,0.48222178443581465,0.001105294545145112,0.12199335870152761,0.9611539098092278
