Algorithm,Dataset,RMSE,MSPE,MAE,MAPE,MedAE,MedAPE,R2
MLP,Train set,0.010097790763406191,23364.96905003235,0.007131975900127011,4.249229866427752,0.00504977124770256,0.45819209146400874,0.24836896076719972
MLP,Validation(CV),0.010101793685848636,8717.455383134225,0.007122835654363179,4.085134861416353,0.005032533919863712,0.46001678142895414,0.24701319315598214
MLP,Test set,0.011518770093381961,9954.733999676626,0.008455239808432711,4.252149588265837,0.006415156874123402,0.4736135671773929,0.17452311988473057
MLP,Entire population,0.010831607516101247,16659.851524854486,0.007793607854279855,4.250689727346795,0.005686092897511286,0.4659473485612077,0.21273660991229204
