Algorithm,Dataset,RMSE,MSPE,MAE,MAPE,MedAE,MedAPE,R2
Random Forest,Train set,0.0009584035282201936,0.27502956972586096,0.0005366480406218878,0.0624185929324869,0.00029477180684627565,0.03410860426724089,0.9932290629026307
Random Forest,Validation(CV),0.001216224257450332,0.702721690982898,0.0006642933992588798,0.07888289643428952,0.00035604733131270076,0.0414687401482929,0.9890957185358762
Random Forest,Test set,0.002367902567315439,1.1295372446639762,0.0013875743849588948,0.1435746884244698,0.0007412597108116918,0.07287702641930827,0.9651164760927295
Random Forest,Entire population,0.0018063083750018936,0.7022834071949182,0.0009621112127903911,0.10299664067847833,0.00045334287249754234,0.04988354582931866,0.9781063577518064
