Algorithm,Dataset,RMSE,MSPE,MAE,MAPE,MedAE,MedAPE,R2
Linear Regression,Train set,0.007264978121480726,34097.57036054689,0.004994806710422613,5.026957994583954,0.0036182736446655544,0.3702104692834408,0.610936407149169
Linear Regression,Validation(CV),0.007266578578930522,37520.476421016545,0.004995687222179837,5.028514487042756,0.0036173032778098525,0.3703624515734968,0.6107531706406638
Linear Regression,Test set,0.008525914351317514,17337.08946809685,0.0058812577415661635,3.9821757741241997,0.004102667932893413,0.36375615227583064,0.5477541139677901
Linear Regression,Entire population,0.00792057834477999,25717.329914321876,0.005438032225994388,4.504566884354078,0.003848481486676188,0.36711098530417147,0.5790330369818533
