Algorithm,Dataset,RMSE,MSPE,MAE,MAPE,MedAE,MedAPE,R2
XGBoost,Train set,0.00679553385302213,12562.428827419346,0.004759404785186591,2.8226133890264014,0.003521731447976136,0.36802960812688945,0.6595924905410231
XGBoost,Validation(CV),0.00685443141516653,10338.221529440923,0.004831683831231455,2.989610481328211,0.0036523668126658255,0.3793012035992729,0.653647941584844
XGBoost,Test set,0.008077243302039183,4295.356064054376,0.005673149894904382,2.620460303009528,0.004092928987210229,0.36019691044436186,0.5941000259893827
XGBoost,Entire population,0.007463951356617573,8428.892445736858,0.005216277340045488,2.7215368460179636,0.0037775878901468293,0.36409259279804806,0.6261720002571587
