Algorithm,Dataset,RMSE,MSPE,MAE,MAPE,MedAE,MedAPE,R2
CNN,Train set,0.007733855232234645,11811.525736681735,0.0049719158783456995,1.560565052097765,0.0029921273389048935,0.33994363480814904,0.5590959904707761
CNN,Validation(CV),0.007732486408161959,472.3147642210484,0.004973783315764707,1.3098118747270722,0.0030013066040764577,0.3415890240594283,0.5588069031192602
CNN,Test set,0.0093610991052175,544.2071989159924,0.006317023116280906,1.5703955069016873,0.004100480589753373,0.3461998082797967,0.4548118846479152
CNN,Entire population,0.008586113591458798,6177.866467798864,0.005644469497313302,1.5654802794997251,0.0034959529435427787,0.3430446978671602,0.5053164307580267
