Algorithm,Dataset,RMSE,MSPE,MAE,MAPE,MedAE,MedAPE,R2
MLP,Train set,0.010097790763406191,23364.96905003235,0.007131975900127011,4.249229866427752,0.00504977124770256,0.45819209146400874,0.24836896076719972
MLP,Validation(CV),0.010101793685848636,8717.455383134225,0.007122835654363179,4.085134861416353,0.005032533919863712,0.46001678142895414,0.24701319315598214
MLP,Test set,0.011518770093381961,9954.733999676626,0.008455239808432711,4.252149588265837,0.006415156874123402,0.4736135671773929,0.17452311988473057
MLP,Entire population,0.010831607516101247,16659.851524854486,0.007793607854279855,4.250689727346795,0.005686092897511286,0.4659473485612077,0.21273660991229204
CNN,Train set,0.007733855232234645,11811.525736681735,0.0049719158783456995,1.560565052097765,0.0029921273389048935,0.33994363480814904,0.5590959904707761
CNN,Validation(CV),0.007732486408161959,472.3147642210484,0.004973783315764707,1.3098118747270722,0.0030013066040764577,0.3415890240594283,0.5588069031192602
CNN,Test set,0.0093610991052175,544.2071989159924,0.006317023116280906,1.5703955069016873,0.004100480589753373,0.3461998082797967,0.4548118846479152
CNN,Entire population,0.008586113591458798,6177.866467798864,0.005644469497313302,1.5654802794997251,0.0034959529435427787,0.3430446978671602,0.5053164307580267
