Algorithm,Dataset,RMSE,MSPE,MAE,MAPE,MedAE,MedAPE,R2
LightGBM,Train set,0.0050111551680574705,1436.8854882280834,0.003468667119107754,1.4499610732076194,0.0023566050707338007,0.27782221912694616,0.8148909411006545
LightGBM,Validation(CV),0.005208426108355512,2644.7374427545956,0.0036125668492264715,1.6703800340774997,0.002499789933323378,0.285570885634365,0.8000262501251978
LightGBM,Test set,0.006243181289866137,880.4171705967942,0.004265081914384941,1.343821402484657,0.0027856522129449833,0.27517414577843125,0.757503996148787
LightGBM,Entire population,0.005660785667046744,1158.6513294124393,0.003866874516746347,1.3968912378461382,0.002535570567804056,0.27642263238826836,0.7849756471015431
