Algorithm,Dataset,RMSE,MSPE,MAE,MAPE,MedAE,MedAPE,R2
CatBoost,Train set,0.0013902820098584173,39.18147568630341,0.000923333238632837,0.24682101385799213,0.0006089793844808393,0.07170224573039435,0.9857518729970153
CatBoost,Validation(CV),0.0014339054969386448,200.76638780007153,0.0009463974979506011,0.2934550876097112,0.0006213017461365324,0.07325801622466799,0.984842254252348
CatBoost,Test set,0.0023621345630168537,42.94275487545357,0.0015920498220814568,0.31291805657545607,0.001048364410619753,0.10297111701258174,0.965286215553854
CatBoost,Entire population,0.0019381129689384443,41.062115280878494,0.001257691530357146,0.2798695352167242,0.0007880181113050742,0.08579006002071006,0.9747946692074919
